<?xml version="1.0" encoding="UTF-8" ?>
<searchTemplate
    xmlns="http://rs.tdwg.org/tapir/1.0"
    xmlns:xsi="http://www.w3.org/2001/XMLSchema-instance"
    xsi:schemaLocation="http://rs.tdwg.org/tapir/1.0 
    http://rs.tdwg.org/tapir/1.0/schema/tapir.xsd">
    <outputModel>
      <structure>
        <xs:schema location="http://www.openarchives.org/OAI/2.0/OAI-PMH.xsd" xmlns:xs="http://www.w3.org/2001/XMLSchema"
               xsi:schemaLocation="http://www.w3.org/2001/XMLSchema http://www.w3.org/2001/XMLSchema.xsd"/>

      </structure>
      <indexingElement path="/OAI-PMH/ListIdentifiers/header"/>
      <mapping>
	<node path="/OAI-PMH/request/@verb">
          <literal value="ListIdentifiers"/>
        </node>
        <node path="/OAI-PMH/responseDate">
          <variable name="date"/>
        </node>
        <node path="/OAI-PMH/ListIdentifiers/header/datestamp">
          <concept id="http://www.openarchives.org/OAI/2.0/oai:OAI-PMH/oai:ListIdentifiers/oai:header/oai:datestamp"/>
        </node>
        <node path="/OAI-PMH/ListIdentifiers/header/identifier">
          <concept id="http://www.openarchives.org/OAI/2.0/oai:OAI-PMH/oai:ListIdentifiers/oai:header/oai:identifier"/>
        </node>        
      </mapping>
    </outputModel>
</searchTemplate>