<?xml version="1.0" encoding="UTF-8"?><tapir:outputModel xmlns:tapir="http://rs.tdwg.org/tapir/1.0"
	xmlns:xsi="http://www.w3.org/2001/XMLSchema-instance"
	xsi:schemaLocation="http://rs.tdwg.org/tapir/1.0 http://rs.tdwg.org/tapir/1.0/schema/tapir.xsd"
	xmlns:rdf="http://www.w3.org/1999/02/22-rdf-syntax-ns#"
	xmlns:dc="http://purl.org/dc/elements/1.1/"
	xmlns:dcterm="http://purl.org/dc/terms/"
	xmlns:owl="http://www.w3.org/2002/07/owl#"
	xmlns:tcom="http://rs.tdwg.org/ontology/voc/Common#"
	xmlns:to="http://rs.tdwg.org/ontology/voc/TaxonOccurrence#"
	xmlns:tp="http://rs.tdwg.org/ontology/voc/Person#"
	xmlns:tc="http://rs.tdwg.org/ontology/voc/TaxonConcept#"
	xmlns:tt="http://rs.tdwg.org/ontology/voc/Team#"
	xmlns:tn="http://rs.tdwg.org/ontology/voc/TaxonName#"
>
	<tapir:label>TaxonOccurrence in the TDWG Ontology</tapir:label>
	<tapir:documentation>This output model was auto-generated from the CNS file located at: http://rs.tdwg.org/ontology/voc/tapir/structure/TaxonOccurrence/TaxonOccurrence.txt</tapir:documentation>
	<tapir:structure>
		<tapir:schema location="http://rs.tdwg.org/ontology/voc/tapir/structure/TaxonOccurrence/TaxonOccurrence.xsd"/>
	</tapir:structure>
	<tapir:indexingElement path="/rdf:RDF/to:TaxonOccurrence"/>
	<tapir:mapping>
		<tapir:node path="/rdf:RDF/to:TaxonOccurrence/@rdf:about">
			<tapir:concept id="http://rs.tdwg.org/ontology/voc/TaxonOccurrence#/rdf:RDF/to:TaxonOccurrence/@rdf:about"/>
		</tapir:node>
		<tapir:node path="/rdf:RDF/to:TaxonOccurrence/dc:title">
			<tapir:concept id="http://rs.tdwg.org/ontology/voc/TaxonOccurrence#/rdf:RDF/to:TaxonOccurrence/dc:title"/>
		</tapir:node>
		<tapir:node path="/rdf:RDF/to:TaxonOccurrence/owl:sameAs/@rdf:resource">
			<tapir:concept id="http://rs.tdwg.org/ontology/voc/TaxonOccurrence#/rdf:RDF/to:TaxonOccurrence/owl:sameAs/@rdf:resource"/>
		</tapir:node>

		<tapir:node path="/rdf:RDF/to:TaxonOccurrence/dc:identifier">
			<tapir:concept id="http://rs.tdwg.org/ontology/voc/TaxonOccurrence#/rdf:RDF/to:TaxonOccurrence/dc:identifier"/>
		</tapir:node>
		<tapir:node path="/rdf:RDF/to:TaxonOccurrence/dc:creator">
			<tapir:concept id="http://rs.tdwg.org/ontology/voc/TaxonOccurrence#/rdf:RDF/to:TaxonOccurrence/dc:creator"/>
		</tapir:node>
		<tapir:node path="/rdf:RDF/to:TaxonOccurrence/dc:contributor">
			<tapir:concept id="http://rs.tdwg.org/ontology/voc/TaxonOccurrence#/rdf:RDF/to:TaxonOccurrence/dc:contributor"/>
		</tapir:node>

		<tapir:node path="/rdf:RDF/to:TaxonOccurrence/dc:publisher">
			<tapir:concept id="http://rs.tdwg.org/ontology/voc/TaxonOccurrence#/rdf:RDF/to:TaxonOccurrence/dc:publisher"/>
		</tapir:node>
		<tapir:node path="/rdf:RDF/to:TaxonOccurrence/dcterm:license/@rdf:resource">
			<tapir:concept id="http://rs.tdwg.org/ontology/voc/TaxonOccurrence#/rdf:RDF/to:TaxonOccurrence/dcterm:license/@rdf:resource"/>
		</tapir:node>
		<tapir:node path="/rdf:RDF/to:TaxonOccurrence/dcterm:rightsHolder/@rdf:resource">
			<tapir:concept id="http://rs.tdwg.org/ontology/voc/TaxonOccurrence#/rdf:RDF/to:TaxonOccurrence/dcterm:rightsHolder/@rdf:resource"/>
		</tapir:node>

		<tapir:node path="/rdf:RDF/to:TaxonOccurrence/dcterm:accessRight">
			<tapir:concept id="http://rs.tdwg.org/ontology/voc/TaxonOccurrence#/rdf:RDF/to:TaxonOccurrence/dcterm:accessRight"/>
		</tapir:node>
		<tapir:node path="/rdf:RDF/to:TaxonOccurrence/dc:date">
			<tapir:concept id="http://rs.tdwg.org/ontology/voc/TaxonOccurrence#/rdf:RDF/to:TaxonOccurrence/dc:date"/>
		</tapir:node>
		<tapir:node path="/rdf:RDF/to:TaxonOccurrence/dcterm:created">
			<tapir:concept id="http://rs.tdwg.org/ontology/voc/TaxonOccurrence#/rdf:RDF/to:TaxonOccurrence/dcterm:created"/>
		</tapir:node>

		<tapir:node path="/rdf:RDF/to:TaxonOccurrence/dcterm:dateSubmitted">
			<tapir:concept id="http://rs.tdwg.org/ontology/voc/TaxonOccurrence#/rdf:RDF/to:TaxonOccurrence/dcterm:dateSubmitted"/>
		</tapir:node>
		<tapir:node path="/rdf:RDF/to:TaxonOccurrence/dcterm:modified">
			<tapir:concept id="http://rs.tdwg.org/ontology/voc/TaxonOccurrence#/rdf:RDF/to:TaxonOccurrence/dcterm:modified"/>
		</tapir:node>
		<tapir:node path="/rdf:RDF/to:TaxonOccurrence/dcterm:issued">
			<tapir:concept id="http://rs.tdwg.org/ontology/voc/TaxonOccurrence#/rdf:RDF/to:TaxonOccurrence/dcterm:issued"/>
		</tapir:node>

		<tapir:node path="/rdf:RDF/to:TaxonOccurrence/dcterm:available">
			<tapir:concept id="http://rs.tdwg.org/ontology/voc/TaxonOccurrence#/rdf:RDF/to:TaxonOccurrence/dcterm:available"/>
		</tapir:node>
		<tapir:node path="/rdf:RDF/to:TaxonOccurrence/dcterm:isReferencedBy/@rdf:resource">
			<tapir:concept id="http://rs.tdwg.org/ontology/voc/TaxonOccurrence#/rdf:RDF/to:TaxonOccurrence/dcterm:isReferencedBy/@rdf:resource"/>
		</tapir:node>
		<tapir:node path="/rdf:RDF/to:TaxonOccurrence/dcterm:references/@rdf:resource">
			<tapir:concept id="http://rs.tdwg.org/ontology/voc/TaxonOccurrence#/rdf:RDF/to:TaxonOccurrence/dcterm:references/@rdf:resource"/>
		</tapir:node>

		<tapir:node path="/rdf:RDF/to:TaxonOccurrence/dcterm:isRequiredBy/@rdf:resource">
			<tapir:concept id="http://rs.tdwg.org/ontology/voc/TaxonOccurrence#/rdf:RDF/to:TaxonOccurrence/dcterm:isRequiredBy/@rdf:resource"/>
		</tapir:node>
		<tapir:node path="/rdf:RDF/to:TaxonOccurrence/dc:relation/@rdf:resource">
			<tapir:concept id="http://rs.tdwg.org/ontology/voc/TaxonOccurrence#/rdf:RDF/to:TaxonOccurrence/dc:relation/@rdf:resource"/>
		</tapir:node>
		<tapir:node path="/rdf:RDF/to:TaxonOccurrence/dc:source/@rdf:resource">
			<tapir:concept id="http://rs.tdwg.org/ontology/voc/TaxonOccurrence#/rdf:RDF/to:TaxonOccurrence/dc:source/@rdf:resource"/>
		</tapir:node>

		<tapir:node path="/rdf:RDF/to:TaxonOccurrence/dcterm:replaces/@rdf:resource">
			<tapir:concept id="http://rs.tdwg.org/ontology/voc/TaxonOccurrence#/rdf:RDF/to:TaxonOccurrence/dcterm:replaces/@rdf:resource"/>
		</tapir:node>
		<tapir:node path="/rdf:RDF/to:TaxonOccurrence/dcterm:provenance">
			<tapir:concept id="http://rs.tdwg.org/ontology/voc/TaxonOccurrence#/rdf:RDF/to:TaxonOccurrence/dcterm:provenance"/>
		</tapir:node>
		<tapir:node path="/rdf:RDF/to:TaxonOccurrence/dcterm:hasVersion/@rdf:resource">
			<tapir:concept id="http://rs.tdwg.org/ontology/voc/TaxonOccurrence#/rdf:RDF/to:TaxonOccurrence/dcterm:hasVersion/@rdf:resource"/>
		</tapir:node>

		<tapir:node path="/rdf:RDF/to:TaxonOccurrence/dcterm:isVersionOf/@rdf:resource">
			<tapir:concept id="http://rs.tdwg.org/ontology/voc/TaxonOccurrence#/rdf:RDF/to:TaxonOccurrence/dcterm:isVersionOf/@rdf:resource"/>
		</tapir:node>
		<tapir:node path="/rdf:RDF/to:TaxonOccurrence/owl:versionInfo">
			<tapir:concept id="http://rs.tdwg.org/ontology/voc/TaxonOccurrence#/rdf:RDF/to:TaxonOccurrence/owl:versionInfo"/>
		</tapir:node>
		<tapir:node path="/rdf:RDF/to:TaxonOccurrence/tcom:isDeprecated">
			<tapir:concept id="http://rs.tdwg.org/ontology/voc/TaxonOccurrence#/rdf:RDF/to:TaxonOccurrence/tcom:isDeprecated"/>
		</tapir:node>

		<tapir:node path="/rdf:RDF/to:TaxonOccurrence/tcom:versionedAs/@rdf:resource">
			<tapir:concept id="http://rs.tdwg.org/ontology/voc/TaxonOccurrence#/rdf:RDF/to:TaxonOccurrence/tcom:versionedAs/@rdf:resource"/>
		</tapir:node>
		<tapir:node path="/rdf:RDF/to:TaxonOccurrence/tcom:publishedIn">
			<tapir:concept id="http://rs.tdwg.org/ontology/voc/TaxonOccurrence#/rdf:RDF/to:TaxonOccurrence/tcom:publishedIn"/>
		</tapir:node>
		<tapir:node path="/rdf:RDF/to:TaxonOccurrence/tcom:publishedInCitation/@rdf:resource">
			<tapir:concept id="http://rs.tdwg.org/ontology/voc/TaxonOccurrence#/rdf:RDF/to:TaxonOccurrence/tcom:publishedInCitation/@rdf:resource"/>
		</tapir:node>

		<tapir:node path="/rdf:RDF/to:TaxonOccurrence/tcom:microReference">
			<tapir:concept id="http://rs.tdwg.org/ontology/voc/TaxonOccurrence#/rdf:RDF/to:TaxonOccurrence/tcom:microReference"/>
		</tapir:node>
		<tapir:node path="/rdf:RDF/to:TaxonOccurrence/to:continent">
			<tapir:concept id="http://rs.tdwg.org/ontology/voc/TaxonOccurrence#/rdf:RDF/to:TaxonOccurrence/to:continent"/>
		</tapir:node>
		<tapir:node path="/rdf:RDF/to:TaxonOccurrence/to:coordinateUncertaintyInMeters">
			<tapir:concept id="http://rs.tdwg.org/ontology/voc/TaxonOccurrence#/rdf:RDF/to:TaxonOccurrence/to:coordinateUncertaintyInMeters"/>
		</tapir:node>

		<tapir:node path="/rdf:RDF/to:TaxonOccurrence/to:country">
			<tapir:concept id="http://rs.tdwg.org/ontology/voc/TaxonOccurrence#/rdf:RDF/to:TaxonOccurrence/to:country"/>
		</tapir:node>
		<tapir:node path="/rdf:RDF/to:TaxonOccurrence/to:county">
			<tapir:concept id="http://rs.tdwg.org/ontology/voc/TaxonOccurrence#/rdf:RDF/to:TaxonOccurrence/to:county"/>
		</tapir:node>
		<tapir:node path="/rdf:RDF/to:TaxonOccurrence/to:dayOfYear">
			<tapir:concept id="http://rs.tdwg.org/ontology/voc/TaxonOccurrence#/rdf:RDF/to:TaxonOccurrence/to:dayOfYear"/>
		</tapir:node>

		<tapir:node path="/rdf:RDF/to:TaxonOccurrence/to:decimalLatitude">
			<tapir:concept id="http://rs.tdwg.org/ontology/voc/TaxonOccurrence#/rdf:RDF/to:TaxonOccurrence/to:decimalLatitude"/>
		</tapir:node>
		<tapir:node path="/rdf:RDF/to:TaxonOccurrence/to:decimalLongitude">
			<tapir:concept id="http://rs.tdwg.org/ontology/voc/TaxonOccurrence#/rdf:RDF/to:TaxonOccurrence/to:decimalLongitude"/>
		</tapir:node>
		<tapir:node path="/rdf:RDF/to:TaxonOccurrence/to:derivedFrom/@rdf:resource">
			<tapir:concept id="http://rs.tdwg.org/ontology/voc/TaxonOccurrence#/rdf:RDF/to:TaxonOccurrence/to:derivedFrom/@rdf:resource"/>
		</tapir:node>

		<tapir:node path="/rdf:RDF/to:TaxonOccurrence/to:earliestDateCollected">
			<tapir:concept id="http://rs.tdwg.org/ontology/voc/TaxonOccurrence#/rdf:RDF/to:TaxonOccurrence/to:earliestDateCollected"/>
		</tapir:node>
		<tapir:node path="/rdf:RDF/to:TaxonOccurrence/to:footprintSpatialFit">
			<tapir:concept id="http://rs.tdwg.org/ontology/voc/TaxonOccurrence#/rdf:RDF/to:TaxonOccurrence/to:footprintSpatialFit"/>
		</tapir:node>
		<tapir:node path="/rdf:RDF/to:TaxonOccurrence/to:geodeticDatum">
			<tapir:concept id="http://rs.tdwg.org/ontology/voc/TaxonOccurrence#/rdf:RDF/to:TaxonOccurrence/to:geodeticDatum"/>
		</tapir:node>

		<tapir:node path="/rdf:RDF/to:TaxonOccurrence/to:georeferenceProtocol">
			<tapir:concept id="http://rs.tdwg.org/ontology/voc/TaxonOccurrence#/rdf:RDF/to:TaxonOccurrence/to:georeferenceProtocol"/>
		</tapir:node>
		<tapir:node path="/rdf:RDF/to:TaxonOccurrence/to:georeferenceRemarks">
			<tapir:concept id="http://rs.tdwg.org/ontology/voc/TaxonOccurrence#/rdf:RDF/to:TaxonOccurrence/to:georeferenceRemarks"/>
		</tapir:node>
		<tapir:node path="/rdf:RDF/to:TaxonOccurrence/to:georeferenceSources">
			<tapir:concept id="http://rs.tdwg.org/ontology/voc/TaxonOccurrence#/rdf:RDF/to:TaxonOccurrence/to:georeferenceSources"/>
		</tapir:node>

		<tapir:node path="/rdf:RDF/to:TaxonOccurrence/to:georeferenceVerificationStatus">
			<tapir:concept id="http://rs.tdwg.org/ontology/voc/TaxonOccurrence#/rdf:RDF/to:TaxonOccurrence/to:georeferenceVerificationStatus"/>
		</tapir:node>
		<tapir:node path="/rdf:RDF/to:TaxonOccurrence/to:collector">
			<tapir:concept id="http://rs.tdwg.org/ontology/voc/TaxonOccurrence#/rdf:RDF/to:TaxonOccurrence/to:collector"/>
		</tapir:node>
		<tapir:node path="/rdf:RDF/to:TaxonOccurrence/to:collectorsBatchNumber">
			<tapir:concept id="http://rs.tdwg.org/ontology/voc/TaxonOccurrence#/rdf:RDF/to:TaxonOccurrence/to:collectorsBatchNumber"/>
		</tapir:node>

		<tapir:node path="/rdf:RDF/to:TaxonOccurrence/to:collectorsFieldNumber">
			<tapir:concept id="http://rs.tdwg.org/ontology/voc/TaxonOccurrence#/rdf:RDF/to:TaxonOccurrence/to:collectorsFieldNumber"/>
		</tapir:node>
		<tapir:node path="/rdf:RDF/to:TaxonOccurrence/to:collectorTeam/@rdf:resource">
			<tapir:concept id="http://rs.tdwg.org/ontology/voc/TaxonOccurrence#/rdf:RDF/to:TaxonOccurrence/to:collectorTeam/@rdf:resource"/>
		</tapir:node>
		<tapir:node path="/rdf:RDF/to:TaxonOccurrence/to:collectorTeam/tt:Team/@rdf:about">
			<tapir:concept id="http://rs.tdwg.org/ontology/voc/TaxonOccurrence#/rdf:RDF/to:TaxonOccurrence/to:collectorTeam/tt:Team/@rdf:about"/>
		</tapir:node>

		<tapir:node path="/rdf:RDF/to:TaxonOccurrence/to:collectorTeam/tt:Team/tt:name">
			<tapir:concept id="http://rs.tdwg.org/ontology/voc/TaxonOccurrence#/rdf:RDF/to:TaxonOccurrence/to:collectorTeam/tt:Team/tt:name"/>
		</tapir:node>
		<tapir:node path="/rdf:RDF/to:TaxonOccurrence/to:collectorTeam/tt:Team/tt:hasMember/tt:TeamMember/tt:member/tp:Person/dc:title">
			<tapir:concept id="http://rs.tdwg.org/ontology/voc/TaxonOccurrence#/rdf:RDF/to:TaxonOccurrence/to:collectorTeam/tt:Team/tt:hasMember/tt:TeamMember/tt:member/tp:Person/dc:title"/>
		</tapir:node>
		<tapir:node path="/rdf:RDF/to:TaxonOccurrence/to:digitalRepresentation">
			<tapir:concept id="http://rs.tdwg.org/ontology/voc/TaxonOccurrence#/rdf:RDF/to:TaxonOccurrence/to:digitalRepresentation"/>
		</tapir:node>

		<tapir:node path="/rdf:RDF/to:TaxonOccurrence/to:disposition">
			<tapir:concept id="http://rs.tdwg.org/ontology/voc/TaxonOccurrence#/rdf:RDF/to:TaxonOccurrence/to:disposition"/>
		</tapir:node>
		<tapir:node path="/rdf:RDF/to:TaxonOccurrence/to:fieldNotes">
			<tapir:concept id="http://rs.tdwg.org/ontology/voc/TaxonOccurrence#/rdf:RDF/to:TaxonOccurrence/to:fieldNotes"/>
		</tapir:node>
		<tapir:node path="/rdf:RDF/to:TaxonOccurrence/to:hostCollection/@rdf:resource">
			<tapir:concept id="http://rs.tdwg.org/ontology/voc/TaxonOccurrence#/rdf:RDF/to:TaxonOccurrence/to:hostCollection/@rdf:resource"/>
		</tapir:node>

		<tapir:node path="/rdf:RDF/to:TaxonOccurrence/to:hostCollectionString">
			<tapir:concept id="http://rs.tdwg.org/ontology/voc/TaxonOccurrence#/rdf:RDF/to:TaxonOccurrence/to:hostCollectionString"/>
		</tapir:node>
		<tapir:node path="/rdf:RDF/to:TaxonOccurrence/to:individualCount">
			<tapir:concept id="http://rs.tdwg.org/ontology/voc/TaxonOccurrence#/rdf:RDF/to:TaxonOccurrence/to:individualCount"/>
		</tapir:node>
		<tapir:node path="/rdf:RDF/to:TaxonOccurrence/to:kindOfSpecimen/@rdf:resource">
			<tapir:concept id="http://rs.tdwg.org/ontology/voc/TaxonOccurrence#/rdf:RDF/to:TaxonOccurrence/to:kindOfSpecimen/@rdf:resource"/>
		</tapir:node>

		<tapir:node path="/rdf:RDF/to:TaxonOccurrence/to:kindOfSpecimenString">
			<tapir:concept id="http://rs.tdwg.org/ontology/voc/TaxonOccurrence#/rdf:RDF/to:TaxonOccurrence/to:kindOfSpecimenString"/>
		</tapir:node>
		<tapir:node path="/rdf:RDF/to:TaxonOccurrence/to:lifeStage">
			<tapir:concept id="http://rs.tdwg.org/ontology/voc/TaxonOccurrence#/rdf:RDF/to:TaxonOccurrence/to:lifeStage"/>
		</tapir:node>
		<tapir:node path="/rdf:RDF/to:TaxonOccurrence/to:procedure">
			<tapir:concept id="http://rs.tdwg.org/ontology/voc/TaxonOccurrence#/rdf:RDF/to:TaxonOccurrence/to:procedure"/>
		</tapir:node>

		<tapir:node path="/rdf:RDF/to:TaxonOccurrence/to:procedureDescriptor">
			<tapir:concept id="http://rs.tdwg.org/ontology/voc/TaxonOccurrence#/rdf:RDF/to:TaxonOccurrence/to:procedureDescriptor"/>
		</tapir:node>
		<tapir:node path="/rdf:RDF/to:TaxonOccurrence/to:sex">
			<tapir:concept id="http://rs.tdwg.org/ontology/voc/TaxonOccurrence#/rdf:RDF/to:TaxonOccurrence/to:sex"/>
		</tapir:node>
		<tapir:node path="/rdf:RDF/to:TaxonOccurrence/to:specimenID">
			<tapir:concept id="http://rs.tdwg.org/ontology/voc/TaxonOccurrence#/rdf:RDF/to:TaxonOccurrence/to:specimenID"/>
		</tapir:node>

		<tapir:node path="/rdf:RDF/to:TaxonOccurrence/to:typeForName/@rdf:resource">
			<tapir:concept id="http://rs.tdwg.org/ontology/voc/TaxonOccurrence#/rdf:RDF/to:TaxonOccurrence/to:typeForName/@rdf:resource"/>
		</tapir:node>
		<tapir:node path="/rdf:RDF/to:TaxonOccurrence/to:typeStatus">
			<tapir:concept id="http://rs.tdwg.org/ontology/voc/TaxonOccurrence#/rdf:RDF/to:TaxonOccurrence/to:typeStatus"/>
		</tapir:node>
		<tapir:node path="/rdf:RDF/to:TaxonOccurrence/to:typeStatusString">
			<tapir:concept id="http://rs.tdwg.org/ontology/voc/TaxonOccurrence#/rdf:RDF/to:TaxonOccurrence/to:typeStatusString"/>
		</tapir:node>

		<tapir:node path="/rdf:RDF/to:TaxonOccurrence/to:verbatimCollectingDate">
			<tapir:concept id="http://rs.tdwg.org/ontology/voc/TaxonOccurrence#/rdf:RDF/to:TaxonOccurrence/to:verbatimCollectingDate"/>
		</tapir:node>
		<tapir:node path="/rdf:RDF/to:TaxonOccurrence/to:verbatimCoordinates">
			<tapir:concept id="http://rs.tdwg.org/ontology/voc/TaxonOccurrence#/rdf:RDF/to:TaxonOccurrence/to:verbatimCoordinates"/>
		</tapir:node>
		<tapir:node path="/rdf:RDF/to:TaxonOccurrence/to:verbatimCoordinateSystem">
			<tapir:concept id="http://rs.tdwg.org/ontology/voc/TaxonOccurrence#/rdf:RDF/to:TaxonOccurrence/to:verbatimCoordinateSystem"/>
		</tapir:node>

		<tapir:node path="/rdf:RDF/to:TaxonOccurrence/to:verbatimDepth">
			<tapir:concept id="http://rs.tdwg.org/ontology/voc/TaxonOccurrence#/rdf:RDF/to:TaxonOccurrence/to:verbatimDepth"/>
		</tapir:node>
		<tapir:node path="/rdf:RDF/to:TaxonOccurrence/to:verbatimElevation">
			<tapir:concept id="http://rs.tdwg.org/ontology/voc/TaxonOccurrence#/rdf:RDF/to:TaxonOccurrence/to:verbatimElevation"/>
		</tapir:node>
		<tapir:node path="/rdf:RDF/to:TaxonOccurrence/to:verbatimLabelText">
			<tapir:concept id="http://rs.tdwg.org/ontology/voc/TaxonOccurrence#/rdf:RDF/to:TaxonOccurrence/to:verbatimLabelText"/>
		</tapir:node>

		<tapir:node path="/rdf:RDF/to:TaxonOccurrence/to:verbatimLatitude">
			<tapir:concept id="http://rs.tdwg.org/ontology/voc/TaxonOccurrence#/rdf:RDF/to:TaxonOccurrence/to:verbatimLatitude"/>
		</tapir:node>
		<tapir:node path="/rdf:RDF/to:TaxonOccurrence/to:verbatimLongitude">
			<tapir:concept id="http://rs.tdwg.org/ontology/voc/TaxonOccurrence#/rdf:RDF/to:TaxonOccurrence/to:verbatimLongitude"/>
		</tapir:node>
		<tapir:node path="/rdf:RDF/to:TaxonOccurrence/to:higherGeography">
			<tapir:concept id="http://rs.tdwg.org/ontology/voc/TaxonOccurrence#/rdf:RDF/to:TaxonOccurrence/to:higherGeography"/>
		</tapir:node>

		<tapir:node path="/rdf:RDF/to:TaxonOccurrence/to:identifiedToString">
			<tapir:concept id="http://rs.tdwg.org/ontology/voc/TaxonOccurrence#/rdf:RDF/to:TaxonOccurrence/to:identifiedToString"/>
		</tapir:node>
		<tapir:node path="/rdf:RDF/to:TaxonOccurrence/to:identifiedTo/@rdf:resource">
			<tapir:concept id="http://rs.tdwg.org/ontology/voc/TaxonOccurrence#/rdf:RDF/to:TaxonOccurrence/to:identifiedTo/@rdf:resource"/>
		</tapir:node>
		<tapir:node path="/rdf:RDF/to:TaxonOccurrence/to:identifiedTo/to:Identification/@rdf:about">
			<tapir:concept id="http://rs.tdwg.org/ontology/voc/TaxonOccurrence#/rdf:RDF/to:TaxonOccurrence/to:identifiedTo/to:Identification/@rdf:about"/>
		</tapir:node>

		<tapir:node path="/rdf:RDF/to:TaxonOccurrence/to:identifiedTo/to:Identification/dc:title">
			<tapir:concept id="http://rs.tdwg.org/ontology/voc/TaxonOccurrence#/rdf:RDF/to:TaxonOccurrence/to:identifiedTo/to:Identification/dc:title"/>
		</tapir:node>
		<tapir:node path="/rdf:RDF/to:TaxonOccurrence/to:identifiedTo/to:Identification/dcterms:isReplacedBy">
			<tapir:concept id="http://rs.tdwg.org/ontology/voc/TaxonOccurrence#/rdf:RDF/to:TaxonOccurrence/to:identifiedTo/to:Identification/dcterms:isReplacedBy"/>
		</tapir:node>
		<tapir:node path="/rdf:RDF/to:TaxonOccurrence/to:identifiedTo/to:Identification/dcterms:replaces">
			<tapir:concept id="http://rs.tdwg.org/ontology/voc/TaxonOccurrence#/rdf:RDF/to:TaxonOccurrence/to:identifiedTo/to:Identification/dcterms:replaces"/>
		</tapir:node>

		<tapir:node path="/rdf:RDF/to:TaxonOccurrence/to:identifiedTo/to:Identification/tcom:isDeprecated">
			<tapir:concept id="http://rs.tdwg.org/ontology/voc/TaxonOccurrence#/rdf:RDF/to:TaxonOccurrence/to:identifiedTo/to:Identification/tcom:isDeprecated"/>
		</tapir:node>
		<tapir:node path="/rdf:RDF/to:TaxonOccurrence/to:identifiedTo/to:Identification/tcom:taxonomicPlacementFormal">
			<tapir:concept id="http://rs.tdwg.org/ontology/voc/TaxonOccurrence#/rdf:RDF/to:TaxonOccurrence/to:identifiedTo/to:Identification/tcom:taxonomicPlacementFormal"/>
		</tapir:node>
		<tapir:node path="/rdf:RDF/to:TaxonOccurrence/to:identifiedTo/to:Identification/tcom:taxonomicPlacementInformal">
			<tapir:concept id="http://rs.tdwg.org/ontology/voc/TaxonOccurrence#/rdf:RDF/to:TaxonOccurrence/to:identifiedTo/to:Identification/tcom:taxonomicPlacementInformal"/>
		</tapir:node>

		<tapir:node path="/rdf:RDF/to:TaxonOccurrence/to:identifiedTo/to:Identification/to:confidence">
			<tapir:concept id="http://rs.tdwg.org/ontology/voc/TaxonOccurrence#/rdf:RDF/to:TaxonOccurrence/to:identifiedTo/to:Identification/to:confidence"/>
		</tapir:node>
		<tapir:node path="/rdf:RDF/to:TaxonOccurrence/to:identifiedTo/to:Identification/to:date">
			<tapir:concept id="http://rs.tdwg.org/ontology/voc/TaxonOccurrence#/rdf:RDF/to:TaxonOccurrence/to:identifiedTo/to:Identification/to:date"/>
		</tapir:node>
		<tapir:node path="/rdf:RDF/to:TaxonOccurrence/to:identifiedTo/to:Identification/to:expertName">
			<tapir:concept id="http://rs.tdwg.org/ontology/voc/TaxonOccurrence#/rdf:RDF/to:TaxonOccurrence/to:identifiedTo/to:Identification/to:expertName"/>
		</tapir:node>

		<tapir:node path="/rdf:RDF/to:TaxonOccurrence/to:identifiedTo/to:Identification/to:location">
			<tapir:concept id="http://rs.tdwg.org/ontology/voc/TaxonOccurrence#/rdf:RDF/to:TaxonOccurrence/to:identifiedTo/to:Identification/to:location"/>
		</tapir:node>
		<tapir:node path="/rdf:RDF/to:TaxonOccurrence/to:identifiedTo/to:Identification/to:method/@rdf:resource">
			<tapir:concept id="http://rs.tdwg.org/ontology/voc/TaxonOccurrence#/rdf:RDF/to:TaxonOccurrence/to:identifiedTo/to:Identification/to:method/@rdf:resource"/>
		</tapir:node>
		<tapir:node path="/rdf:RDF/to:TaxonOccurrence/to:identifiedTo/to:Identification/to:methodDescriptor">
			<tapir:concept id="http://rs.tdwg.org/ontology/voc/TaxonOccurrence#/rdf:RDF/to:TaxonOccurrence/to:identifiedTo/to:Identification/to:methodDescriptor"/>
		</tapir:node>

		<tapir:node path="/rdf:RDF/to:TaxonOccurrence/to:identifiedTo/to:Identification/to:taxon/@rdf:resource">
			<tapir:concept id="http://rs.tdwg.org/ontology/voc/TaxonOccurrence#/rdf:RDF/to:TaxonOccurrence/to:identifiedTo/to:Identification/to:taxon/@rdf:resource"/>
		</tapir:node>
		<tapir:node path="/rdf:RDF/to:TaxonOccurrence/to:identifiedTo/to:Identification/to:taxon/tc:TaxonConcept/@rdf:about">
			<tapir:concept id="http://rs.tdwg.org/ontology/voc/TaxonOccurrence#/rdf:RDF/to:TaxonOccurrence/to:identifiedTo/to:Identification/to:taxon/tc:TaxonConcept/@rdf:about"/>
		</tapir:node>
		<tapir:node path="/rdf:RDF/to:TaxonOccurrence/to:identifiedTo/to:Identification/to:taxon/tc:TaxonConcept/tc:accordingToString">
			<tapir:concept id="http://rs.tdwg.org/ontology/voc/TaxonOccurrence#/rdf:RDF/to:TaxonOccurrence/to:identifiedTo/to:Identification/to:taxon/tc:TaxonConcept/tc:accordingToString"/>
		</tapir:node>

		<tapir:node path="/rdf:RDF/to:TaxonOccurrence/to:identifiedTo/to:Identification/to:taxon/tc:TaxonConcept/tc:hasName/@rdf:resource">
			<tapir:concept id="http://rs.tdwg.org/ontology/voc/TaxonOccurrence#/rdf:RDF/to:TaxonOccurrence/to:identifiedTo/to:Identification/to:taxon/tc:TaxonConcept/tc:hasName/@rdf:resource"/>
		</tapir:node>
		<tapir:node path="/rdf:RDF/to:TaxonOccurrence/to:identifiedTo/to:Identification/to:taxon/tc:TaxonConcept/tc:hasName/tn:TaxonName/@rdf:about">
			<tapir:concept id="http://rs.tdwg.org/ontology/voc/TaxonOccurrence#/rdf:RDF/to:TaxonOccurrence/to:identifiedTo/to:Identification/to:taxon/tc:TaxonConcept/tc:hasName/tn:TaxonName/@rdf:about"/>
		</tapir:node>
		<tapir:node path="/rdf:RDF/to:TaxonOccurrence/to:identifiedTo/to:Identification/to:taxon/tc:TaxonConcept/tc:hasName/tn:TaxonName/dc:title">
			<tapir:concept id="http://rs.tdwg.org/ontology/voc/TaxonOccurrence#/rdf:RDF/to:TaxonOccurrence/to:identifiedTo/to:Identification/to:taxon/tc:TaxonConcept/tc:hasName/tn:TaxonName/dc:title"/>
		</tapir:node>

		<tapir:node path="/rdf:RDF/to:TaxonOccurrence/to:identifiedTo/to:Identification/to:taxon/tc:TaxonConcept/tc:hasName/tn:TaxonName/tn:nomenclaturalCode">
			<tapir:concept id="http://rs.tdwg.org/ontology/voc/TaxonOccurrence#/rdf:RDF/to:TaxonOccurrence/to:identifiedTo/to:Identification/to:taxon/tc:TaxonConcept/tc:hasName/tn:TaxonName/tn:nomenclaturalCode"/>
		</tapir:node>
		<tapir:node path="/rdf:RDF/to:TaxonOccurrence/to:identifiedTo/to:Identification/to:taxon/tc:TaxonConcept/tc:hasName/tn:TaxonName/tn:nameComplete">
			<tapir:concept id="http://rs.tdwg.org/ontology/voc/TaxonOccurrence#/rdf:RDF/to:TaxonOccurrence/to:identifiedTo/to:Identification/to:taxon/tc:TaxonConcept/tc:hasName/tn:TaxonName/tn:nameComplete"/>
		</tapir:node>
		<tapir:node path="/rdf:RDF/to:TaxonOccurrence/to:identifiedTo/to:Identification/to:taxon/tc:TaxonConcept/tc:hasName/tn:TaxonName/tn:uninomial">
			<tapir:concept id="http://rs.tdwg.org/ontology/voc/TaxonOccurrence#/rdf:RDF/to:TaxonOccurrence/to:identifiedTo/to:Identification/to:taxon/tc:TaxonConcept/tc:hasName/tn:TaxonName/tn:uninomial"/>
		</tapir:node>

		<tapir:node path="/rdf:RDF/to:TaxonOccurrence/to:identifiedTo/to:Identification/to:taxon/tc:TaxonConcept/tc:hasName/tn:TaxonName/tn:genusPart">
			<tapir:concept id="http://rs.tdwg.org/ontology/voc/TaxonOccurrence#/rdf:RDF/to:TaxonOccurrence/to:identifiedTo/to:Identification/to:taxon/tc:TaxonConcept/tc:hasName/tn:TaxonName/tn:genusPart"/>
		</tapir:node>
		<tapir:node path="/rdf:RDF/to:TaxonOccurrence/to:identifiedTo/to:Identification/to:taxon/tc:TaxonConcept/tc:hasName/tn:TaxonName/tn:infragenericEpithet">
			<tapir:concept id="http://rs.tdwg.org/ontology/voc/TaxonOccurrence#/rdf:RDF/to:TaxonOccurrence/to:identifiedTo/to:Identification/to:taxon/tc:TaxonConcept/tc:hasName/tn:TaxonName/tn:infragenericEpithet"/>
		</tapir:node>
		<tapir:node path="/rdf:RDF/to:TaxonOccurrence/to:identifiedTo/to:Identification/to:taxon/tc:TaxonConcept/tc:hasName/tn:TaxonName/tn:specificEpithet">
			<tapir:concept id="http://rs.tdwg.org/ontology/voc/TaxonOccurrence#/rdf:RDF/to:TaxonOccurrence/to:identifiedTo/to:Identification/to:taxon/tc:TaxonConcept/tc:hasName/tn:TaxonName/tn:specificEpithet"/>
		</tapir:node>

		<tapir:node path="/rdf:RDF/to:TaxonOccurrence/to:identifiedTo/to:Identification/to:taxon/tc:TaxonConcept/tc:hasName/tn:TaxonName/tn:infraspecificEpithet">
			<tapir:concept id="http://rs.tdwg.org/ontology/voc/TaxonOccurrence#/rdf:RDF/to:TaxonOccurrence/to:identifiedTo/to:Identification/to:taxon/tc:TaxonConcept/tc:hasName/tn:TaxonName/tn:infraspecificEpithet"/>
		</tapir:node>
		<tapir:node path="/rdf:RDF/to:TaxonOccurrence/to:identifiedTo/to:Identification/to:taxon/tc:TaxonConcept/tc:hasName/tn:TaxonName/tn:cultivarNameGroup">
			<tapir:concept id="http://rs.tdwg.org/ontology/voc/TaxonOccurrence#/rdf:RDF/to:TaxonOccurrence/to:identifiedTo/to:Identification/to:taxon/tc:TaxonConcept/tc:hasName/tn:TaxonName/tn:cultivarNameGroup"/>
		</tapir:node>
		<tapir:node path="/rdf:RDF/to:TaxonOccurrence/to:identifiedTo/to:Identification/to:taxon/tc:TaxonConcept/tc:hasName/tn:TaxonName/tn:authorship">
			<tapir:concept id="http://rs.tdwg.org/ontology/voc/TaxonOccurrence#/rdf:RDF/to:TaxonOccurrence/to:identifiedTo/to:Identification/to:taxon/tc:TaxonConcept/tc:hasName/tn:TaxonName/tn:authorship"/>
		</tapir:node>

		<tapir:node path="/rdf:RDF/to:TaxonOccurrence/to:identifiedTo/to:Identification/to:taxon/tc:TaxonConcept/tc:hasName/tn:TaxonName/tn:rank/@rdf:resource">
			<tapir:concept id="http://rs.tdwg.org/ontology/voc/TaxonOccurrence#/rdf:RDF/to:TaxonOccurrence/to:identifiedTo/to:Identification/to:taxon/tc:TaxonConcept/tc:hasName/tn:TaxonName/tn:rank/@rdf:resource"/>
		</tapir:node>
		<tapir:node path="/rdf:RDF/to:TaxonOccurrence/to:identifiedTo/to:Identification/to:taxon/tc:TaxonConcept/tc:hasName/tn:TaxonName/tn:rankString">
			<tapir:concept id="http://rs.tdwg.org/ontology/voc/TaxonOccurrence#/rdf:RDF/to:TaxonOccurrence/to:identifiedTo/to:Identification/to:taxon/tc:TaxonConcept/tc:hasName/tn:TaxonName/tn:rankString"/>
		</tapir:node>
		<tapir:node path="/rdf:RDF/to:TaxonOccurrence/to:identifiedTo/to:Identification/to:taxon/tc:TaxonConcept/tc:hasName/tn:TaxonName/tn:year">
			<tapir:concept id="http://rs.tdwg.org/ontology/voc/TaxonOccurrence#/rdf:RDF/to:TaxonOccurrence/to:identifiedTo/to:Identification/to:taxon/tc:TaxonConcept/tc:hasName/tn:TaxonName/tn:year"/>
		</tapir:node>

		<tapir:node path="/rdf:RDF/to:TaxonOccurrence/to:island">
			<tapir:concept id="http://rs.tdwg.org/ontology/voc/TaxonOccurrence#/rdf:RDF/to:TaxonOccurrence/to:island"/>
		</tapir:node>
		<tapir:node path="/rdf:RDF/to:TaxonOccurrence/to:islandGroup">
			<tapir:concept id="http://rs.tdwg.org/ontology/voc/TaxonOccurrence#/rdf:RDF/to:TaxonOccurrence/to:islandGroup"/>
		</tapir:node>
		<tapir:node path="/rdf:RDF/to:TaxonOccurrence/to:latestDateCollected">
			<tapir:concept id="http://rs.tdwg.org/ontology/voc/TaxonOccurrence#/rdf:RDF/to:TaxonOccurrence/to:latestDateCollected"/>
		</tapir:node>

		<tapir:node path="/rdf:RDF/to:TaxonOccurrence/to:locality">
			<tapir:concept id="http://rs.tdwg.org/ontology/voc/TaxonOccurrence#/rdf:RDF/to:TaxonOccurrence/to:locality"/>
		</tapir:node>
		<tapir:node path="/rdf:RDF/to:TaxonOccurrence/to:maximumDepthInMeters">
			<tapir:concept id="http://rs.tdwg.org/ontology/voc/TaxonOccurrence#/rdf:RDF/to:TaxonOccurrence/to:maximumDepthInMeters"/>
		</tapir:node>
		<tapir:node path="/rdf:RDF/to:TaxonOccurrence/to:maximumElevationInMeters">
			<tapir:concept id="http://rs.tdwg.org/ontology/voc/TaxonOccurrence#/rdf:RDF/to:TaxonOccurrence/to:maximumElevationInMeters"/>
		</tapir:node>

		<tapir:node path="/rdf:RDF/to:TaxonOccurrence/to:minimumDepthInMeters">
			<tapir:concept id="http://rs.tdwg.org/ontology/voc/TaxonOccurrence#/rdf:RDF/to:TaxonOccurrence/to:minimumDepthInMeters"/>
		</tapir:node>
		<tapir:node path="/rdf:RDF/to:TaxonOccurrence/to:minimumElevationInMeters">
			<tapir:concept id="http://rs.tdwg.org/ontology/voc/TaxonOccurrence#/rdf:RDF/to:TaxonOccurrence/to:minimumElevationInMeters"/>
		</tapir:node>
		<tapir:node path="/rdf:RDF/to:TaxonOccurrence/to:pointRadiusSpatialFit">
			<tapir:concept id="http://rs.tdwg.org/ontology/voc/TaxonOccurrence#/rdf:RDF/to:TaxonOccurrence/to:pointRadiusSpatialFit"/>
		</tapir:node>

		<tapir:node path="/rdf:RDF/to:TaxonOccurrence/to:stateProvince">
			<tapir:concept id="http://rs.tdwg.org/ontology/voc/TaxonOccurrence#/rdf:RDF/to:TaxonOccurrence/to:stateProvince"/>
		</tapir:node>
		<tapir:node path="/rdf:RDF/to:TaxonOccurrence/to:validDistributionFlag">
			<tapir:concept id="http://rs.tdwg.org/ontology/voc/TaxonOccurrence#/rdf:RDF/to:TaxonOccurrence/to:validDistributionFlag"/>
		</tapir:node>
		<tapir:node path="/rdf:RDF/to:TaxonOccurrence/to:value">
			<tapir:concept id="http://rs.tdwg.org/ontology/voc/TaxonOccurrence#/rdf:RDF/to:TaxonOccurrence/to:value"/>
		</tapir:node>

		<tapir:node path="/rdf:RDF/to:TaxonOccurrence/to:valueConfidence">
			<tapir:concept id="http://rs.tdwg.org/ontology/voc/TaxonOccurrence#/rdf:RDF/to:TaxonOccurrence/to:valueConfidence"/>
		</tapir:node>
		<tapir:node path="/rdf:RDF/to:TaxonOccurrence/to:voucherString">
			<tapir:concept id="http://rs.tdwg.org/ontology/voc/TaxonOccurrence#/rdf:RDF/to:TaxonOccurrence/to:voucherString"/>
		</tapir:node>
		<tapir:node path="/rdf:RDF/to:TaxonOccurrence/to:waterBody">
			<tapir:concept id="http://rs.tdwg.org/ontology/voc/TaxonOccurrence#/rdf:RDF/to:TaxonOccurrence/to:waterBody"/>
		</tapir:node>

		<tapir:node path="/rdf:RDF/to:TaxonOccurrence/to:wktFootprint">
			<tapir:concept id="http://rs.tdwg.org/ontology/voc/TaxonOccurrence#/rdf:RDF/to:TaxonOccurrence/to:wktFootprint"/>
		</tapir:node>
	</tapir:mapping>
</tapir:outputModel>